DBCODE,ENTITY,WATERTEMP_METHOD,QC_LEVEL,PROBE_CODE,DATE,WATERTEMP_MEAN_DAY,WATERTEMP_MEAN_FLAG,WATERTEMP_MAX_DAY,WATERTEMP_MAX_FLAG,WATERTEMP_MAXTIME,WATERTEMP_MIN_DAY,WATERTEMP_MIN_FLAG,WATERTEMP_MINTIME,EVENT_CODE
HT004,41,WAT107,2D,WATLMC01,1995-05-08,7.3,A,7.9,A,1553,6.7,A,2356,METHOD
HT004,41,WAT107,2D,WATLMC01,1995-05-09,6.8,A,7.3,A,1136,6.4,A,0511,NA
HT004,41,WAT107,2D,WATLMC01,1995-05-10,6.8,A,7.4,A,1332,6.4,A,0540,NA
HT004,41,WAT107,2D,WATLMC01,1995-05-11,6,A,6.4,A,0007,5.4,A,2355,NA
HT004,41,WAT107,2D,WATLMC01,1995-05-12,5.8,A,7,A,1328,5.1,A,0522,NA
HT004,41,WAT107,2D,WATLMC01,1995-05-13,5.9,A,6.7,A,1153,4.8,A,0437,NA
HT004,41,WAT107,2D,WATLMC01,1995-05-14,6.9,A,8.9,A,1444,5.4,A,0601,NA
HT004,41,WAT107,2D,WATLMC01,1995-05-15,7.4,A,8.9,A,1454,6,A,0605,NA
HT004,41,WAT107,2D,WATLMC01,1995-05-16,7.4,A,7.9,A,1310,7,A,0555,NA
HT004,41,WAT107,2D,WATLMC01,1995-05-17,7.7,A,9.4,A,1409,7,A,0609,NA
HT004,41,WAT107,2D,WATLMC01,1995-05-18,7.6,A,9.3,A,1453,6.5,A,0646,NA
HT004,41,WAT107,2D,WATLMC01,1995-05-19,7.9,A,10,A,1455,6.1,A,0632,NA
HT004,41,WAT107,2D,WATLMC01,1995-05-20,8.5,A,10.4,A,1446,7,A,0616,NA
HT004,41,WAT107,2D,WATLMC01,1995-05-21,8.6,A,10.3,A,1500,7.2,A,0611,NA
HT004,41,WAT107,2D,WATLMC01,1995-05-22,8.9,A,10.7,A,1357,7.6,A,0554,NA
HT004,41,WAT107,2D,WATLMC01,1995-05-23,9,A,11.1,A,1509,7.8,A,0622,NA
HT004,41,WAT107,2D,WATLMC01,1995-05-24,8.7,A,10.3,A,1615,7.3,A,0639,NA
HT004,41,WAT107,2D,WATLMC01,1995-05-25,9.3,A,11.3,A,1514,7.7,A,0613,NA
HT004,41,WAT107,2D,WATLMC01,1995-05-26,9.6,A,11.5,A,1322,8,A,0623,NA
HT004,41,WAT107,2D,WATLMC01,1995-05-27,9.7,A,11.3,A,1607,8.4,A,0620,NA
HT004,41,WAT107,2D,WATLMC01,1995-05-28,10.1,A,12.3,A,1513,8.4,A,0607,NA
HT004,41,WAT107,2D,WATLMC01,1995-05-29,10.7,A,12.9,A,1517,9,A,0559,NA
HT004,41,WAT107,2D,WATLMC01,1995-05-30,10.7,A,12.6,A,1606,9.2,A,0612,NA
HT004,41,WAT107,2D,WATLMC01,1995-05-31,10.8,A,13,A,1455,9.2,A,0619,NA
HT004,41,WAT107,2D,WATLMC01,1995-06-01,10.9,A,13.2,A,1327,9.4,A,0615,NA
HT004,41,WAT107,2D,WATLMC01,1995-06-02,10.8,A,12.9,A,1420,9.5,A,0457,NA
HT004,41,WAT107,2D,WATLMC01,1995-06-03,11.2,A,13.8,A,1442,9.5,A,0602,NA
HT004,41,WAT107,2D,WATLMC01,1995-06-04,10.3,A,11.9,A,1541,9.4,A,2356,NA
HT004,41,WAT107,2D,WATLMC01,1995-06-05,8.6,A,9.4,A,0009,7.6,A,2359,NA
HT004,41,WAT107,2D,WATLMC01,1995-06-06,7.6,A,8,A,1228,7.3,A,2348,NA
HT004,41,WAT107,2D,WATLMC01,1995-06-07,8.1,A,9.8,A,1625,7.2,A,0541,NA
HT004,41,WAT107,2D,WATLMC01,1995-06-08,8.7,A,10.6,A,1405,7.1,A,0545,NA
HT004,41,WAT107,2D,WATLMC01,1995-06-09,9.2,A,11.2,A,1343,7.7,A,0558,NA
HT004,41,WAT107,2D,WATLMC01,1995-06-10,9.1,A,10,A,1212,8.6,A,2356,NA
HT004,41,WAT107,2D,WATLMC01,1995-06-11,9.4,A,11.5,A,1557,8.1,A,0703,NA
HT004,41,WAT107,2D,WATLMC01,1995-06-12,NA,M,NA,M,NA,NA,M,NA,NA
HT004,41,WAT107,2D,WATLMC01,1995-06-13,8.9,A,9.3,A,1634,8.6,A,2358,NA
HT004,41,WAT107,2D,WATLMC01,1995-06-14,8.8,A,9.7,A,1533,8.4,A,0601,NA
HT004,41,WAT107,2D,WATLMC01,1995-06-15,8.9,A,10.1,A,1526,8,A,0511,NA
HT004,41,WAT107,2D,WATLMC01,1995-06-16,8.7,A,9.1,A,1258,8.4,A,0617,NA
HT004,41,WAT107,2D,WATLMC01,1995-06-17,8.8,A,9.7,A,1406,8.4,A,0610,NA
HT004,41,WAT107,2D,WATLMC01,1995-06-18,8.1,A,8.7,A,1337,7.6,A,2354,NA
HT004,41,WAT107,2D,WATLMC01,1995-06-19,7.8,A,8.4,A,1334,7.4,A,0526,NA
HT004,41,WAT107,2D,WATLMC01,1995-06-20,7.8,A,8.4,A,1344,7.5,A,0449,NA
HT004,41,WAT107,2D,WATLMC01,1995-06-21,8.4,A,9.4,A,1614,7.6,A,0544,NA
HT004,41,WAT107,2D,WATLMC01,1995-06-22,9.3,A,11.2,A,1502,8,A,0629,NA
HT004,41,WAT107,2D,WATLMC01,1995-06-23,10,A,12.1,A,1509,8.5,A,0604,NA
HT004,41,WAT107,2D,WATLMC01,1995-06-24,10.7,A,12.8,A,1533,9.2,A,0625,NA
HT004,41,WAT107,2D,WATLMC01,1995-06-25,11.1,A,13.1,A,1533,9.5,A,0647,NA
HT004,41,WAT107,2D,WATLMC01,1995-06-26,11.3,A,13.3,A,1530,9.8,A,0628,NA
HT004,41,WAT107,2D,WATLMC01,1995-06-27,11.3,A,13.4,A,1512,9.5,A,0617,NA
HT004,41,WAT107,2D,WATLMC01,1995-06-28,11.6,A,13.6,A,1503,10.1,A,0614,NA
HT004,41,WAT107,2D,WATLMC01,1995-06-29,11.8,A,13.8,A,1529,10.1,A,0611,NA
HT004,41,WAT107,2D,WATLMC01,1995-06-30,12.1,A,14.3,A,1414,10.6,A,0611,NA
HT004,41,WAT107,2D,WATLMC01,1995-07-01,12.5,A,14.5,A,1508,11,A,0618,NA
HT004,41,WAT107,2D,WATLMC01,1995-07-02,11.9,A,12.9,A,1414,11.2,A,0608,NA
HT004,41,WAT107,2D,WATLMC01,1995-07-03,11.7,A,12.6,A,1622,11,A,0559,NA
HT004,41,WAT107,2D,WATLMC01,1995-07-04,12,A,13.9,A,1446,10.7,A,0615,NA
HT004,41,WAT107,2D,WATLMC01,1995-07-05,11.9,A,13.7,A,1527,10.4,A,0551,NA
HT004,41,WAT107,2D,WATLMC01,1995-07-06,11.8,A,13.4,A,1542,10.9,A,0538,NA
HT004,41,WAT107,2D,WATLMC01,1995-07-07,11.8,A,13.2,A,1302,10.6,A,0540,NA
HT004,41,WAT107,2D,WATLMC01,1995-07-08,12.3,A,14.4,A,1543,10.8,A,0625,NA
HT004,41,WAT107,2D,WATLMC01,1995-07-09,11.5,A,11.9,A,1434,10.9,A,2358,NA
HT004,41,WAT107,2D,WATLMC01,1995-07-10,11.3,A,12.3,A,1517,10.5,A,0607,NA
HT004,41,WAT107,2D,WATLMC01,1995-07-11,11.3,A,12.9,A,1321,10.3,A,0521,NA
HT004,41,WAT107,2D,WATLMC01,1995-07-12,11.1,A,12.1,A,1521,10.2,A,0530,NA
HT004,41,WAT107,2D,WATLMC01,1995-07-13,11.2,A,12.6,A,1541,10,A,0534,NA
HT004,41,WAT107,2D,WATLMC01,1995-07-14,11.6,A,13.6,A,1551,9.9,A,0638,NA
HT004,41,WAT107,2D,WATLMC01,1995-07-15,12,A,14,A,1536,10.2,A,0628,NA
HT004,41,WAT107,2D,WATLMC01,1995-07-16,12.4,A,14.5,A,1542,10.6,A,0633,NA
HT004,41,WAT107,2D,WATLMC01,1995-07-17,13,A,15.1,A,1521,11.3,A,0630,NA
HT004,41,WAT107,2D,WATLMC01,1995-07-18,13.1,A,14.8,A,1240,12.1,A,0630,NA
HT004,41,WAT107,2D,WATLMC01,1995-07-19,13.5,A,15.5,A,1436,12.2,A,0640,NA
HT004,41,WAT107,2D,WATLMC01,1995-07-20,13.7,A,15.6,A,1418,12.4,A,0651,NA
HT004,41,WAT107,2D,WATLMC01,1995-07-21,13.8,A,15.6,A,1534,12.4,A,0637,NA
HT004,41,WAT107,2D,WATLMC01,1995-07-22,13.8,A,15.2,A,1546,12.7,A,0626,NA
HT004,41,WAT107,2D,WATLMC01,1995-07-23,13.8,A,15.4,A,1441,12.6,A,0624,NA
HT004,41,WAT107,2D,WATLMC01,1995-07-24,13.8,A,15.5,A,1514,12.6,A,0551,NA
HT004,41,WAT107,2D,WATLMC01,1995-07-25,13.6,A,15.4,A,1459,12,A,0615,NA
HT004,41,WAT107,2D,WATLMC01,1995-07-26,13,A,13.8,A,1612,12.6,A,0713,NA
HT004,41,WAT107,2D,WATLMC01,1995-07-27,13.6,A,15.4,A,1542,12.3,A,0534,NA
HT004,41,WAT107,2D,WATLMC01,1995-07-28,13.8,A,15.6,A,1527,12.4,A,0627,NA
HT004,41,WAT107,2D,WATLMC01,1995-07-29,13.3,A,14.8,A,1344,12.2,A,2358,NA
HT004,41,WAT107,2D,WATLMC01,1995-07-30,12.6,A,14.5,A,1539,11,A,0648,NA
HT004,41,WAT107,2D,WATLMC01,1995-07-31,12.8,A,14.8,A,1536,11.1,A,0627,NA
HT004,41,WAT107,2D,WATLMC01,1995-08-01,13.3,A,15.2,A,1557,11.8,A,0627,NA
HT004,41,WAT107,2D,WATLMC01,1995-08-02,13.5,A,15.3,A,1450,12.1,A,0630,NA
HT004,41,WAT107,2D,WATLMC01,1995-08-03,13.5,A,15.3,A,1537,12.1,A,0631,NA
HT004,41,WAT107,2D,WATLMC01,1995-08-04,13.8,A,15.6,A,1551,12.4,A,0629,NA
HT004,41,WAT107,2D,WATLMC01,1995-08-05,14,A,15.7,A,1501,12.7,A,0647,NA
HT004,41,WAT107,2D,WATLMC01,1995-08-06,13.6,A,15.1,A,1306,12.4,A,0640,NA
HT004,41,WAT107,2D,WATLMC01,1995-08-07,12.5,A,13.2,A,0000,12,A,2349,NA
HT004,41,WAT107,2D,WATLMC01,1995-08-08,12.6,A,14.1,A,1456,11.6,A,0619,NA
HT004,41,WAT107,2D,WATLMC01,1995-08-09,12.7,A,14.4,A,1503,11.1,A,0624,NA
HT004,41,WAT107,2D,WATLMC01,1995-08-10,12.3,A,12.8,A,1631,11.8,A,0000,NA
HT004,41,WAT107,2D,WATLMC01,1995-08-11,12.4,A,13.9,A,1520,11.3,A,0559,NA
HT004,41,WAT107,2D,WATLMC01,1995-08-12,12,A,13.1,A,1404,11,A,0606,NA
HT004,41,WAT107,2D,WATLMC01,1995-08-13,11.7,A,13.3,A,1559,10.4,A,0605,NA
HT004,41,WAT107,2D,WATLMC01,1995-08-14,12.1,A,13.7,A,1455,10.7,A,0620,NA
HT004,41,WAT107,2D,WATLMC01,1995-08-15,12.2,A,13.5,A,1410,11.5,A,0548,NA
HT004,41,WAT107,2D,WATLMC01,1995-08-16,11.7,A,12.3,A,1501,11.2,A,2353,NA
HT004,41,WAT107,2D,WATLMC01,1995-08-17,10.7,A,11.2,A,0000,10.1,A,2355,NA
HT004,41,WAT107,2D,WATLMC01,1995-08-18,10.9,A,12.3,A,1505,9.8,A,0313,NA
HT004,41,WAT107,2D,WATLMC01,1995-08-19,11.2,A,12.8,A,1501,9.8,A,0651,NA
HT004,41,WAT107,2D,WATLMC01,1995-08-20,11.8,A,13.3,A,1515,10.5,A,0634,NA
HT004,41,WAT107,2D,WATLMC01,1995-08-21,12,A,13.5,A,1502,10.7,A,0635,NA
HT004,41,WAT107,2D,WATLMC01,1995-08-22,12,A,13.5,A,1509,10.7,A,0635,NA
HT004,41,WAT107,2D,WATLMC01,1995-08-23,11.7,A,12.5,A,1525,11,A,2359,NA
HT004,41,WAT107,2D,WATLMC01,1995-08-24,11.4,A,12.8,A,1433,10.2,A,0637,NA
HT004,41,WAT107,2D,WATLMC01,1995-08-25,11.4,A,12.8,A,1459,10.1,A,0650,NA
HT004,41,WAT107,2D,WATLMC01,1995-08-26,11.3,A,12.5,A,1510,10.1,A,0647,NA
HT004,41,WAT107,2D,WATLMC01,1995-08-27,11.2,A,12.7,A,1448,9.9,A,0630,NA
HT004,41,WAT107,2D,WATLMC01,1995-08-28,11.5,A,12.2,A,1423,10.9,A,0558,NA
HT004,41,WAT107,2D,WATLMC01,1995-08-29,11.6,A,12.5,A,1508,10.9,A,0552,NA
HT004,41,WAT107,2D,WATLMC01,1995-08-30,11.5,A,12.8,A,1510,10.3,A,0646,NA
HT004,41,WAT107,2D,WATLMC01,1995-08-31,11.8,A,13.1,A,1534,10.6,A,0640,NA
HT004,41,WAT107,2D,WATLMC01,1995-09-01,12.1,A,13.4,A,1507,11,A,0632,NA
HT004,41,WAT107,2D,WATLMC01,1995-09-02,12.3,A,13.5,A,1438,11.3,A,0644,NA
HT004,41,WAT107,2D,WATLMC01,1995-09-03,12.4,A,13.5,A,1359,11.7,A,0616,NA
HT004,41,WAT107,2D,WATLMC01,1995-09-04,12.2,A,13,A,1342,11.4,A,0647,NA
HT004,41,WAT107,2D,WATLMC01,1995-09-05,12,A,12.7,A,1345,11.4,A,2356,NA
HT004,41,WAT107,2D,WATLMC01,1995-09-06,11.7,A,12.6,A,1319,10.9,A,0629,NA
HT004,41,WAT107,2D,WATLMC01,1995-09-07,11.6,A,12.2,A,1550,11,A,2357,NA
HT004,41,WAT107,2D,WATLMC01,1995-09-08,11.4,A,12.6,A,1511,10.4,A,0702,NA
HT004,41,WAT107,2D,WATLMC01,1995-09-09,11.6,A,12.7,A,1432,10.6,A,0640,NA
HT004,41,WAT107,2D,WATLMC01,1995-09-10,11.9,A,13,A,1437,10.9,A,0646,NA
HT004,41,WAT107,2D,WATLMC01,1995-09-11,11.9,A,13,A,1507,11,A,0654,NA
HT004,41,WAT107,2D,WATLMC01,1995-09-12,12,A,13.1,A,1421,11.2,A,0658,NA
HT004,41,WAT107,2D,WATLMC01,1995-09-13,12.1,A,13.1,A,1501,11.1,A,0651,NA
HT004,41,WAT107,2D,WATLMC01,1995-09-14,12.3,A,13.4,A,1522,11.3,A,0648,NA
HT004,41,WAT107,2D,WATLMC01,1995-09-15,12.5,A,13.4,A,1330,11.8,A,0649,NA
HT004,41,WAT107,2D,WATLMC01,1995-09-16,12.6,A,13.3,A,1354,12.1,A,0731,NA
HT004,41,WAT107,2D,WATLMC01,1995-09-17,12.6,A,13.4,A,1439,12.1,A,0717,NA
HT004,41,WAT107,2D,WATLMC01,1995-09-18,12.6,A,13.4,A,1451,12,A,0620,NA
HT004,41,WAT107,2D,WATLMC01,1995-09-19,12.2,A,13.1,A,1440,11.4,A,0712,NA
HT004,41,WAT107,2D,WATLMC01,1995-09-20,12.2,A,13,A,1435,11.4,A,0654,NA
HT004,41,WAT107,2D,WATLMC01,1995-09-21,11.8,A,12.7,A,1454,11,A,0720,NA
HT004,41,WAT107,2D,WATLMC01,1995-09-22,11.2,A,12.2,A,1507,10.2,A,0718,NA
HT004,41,WAT107,2D,WATLMC01,1995-09-23,11.2,A,12.2,A,1528,10.3,A,0717,NA
HT004,41,WAT107,2D,WATLMC01,1995-09-24,11.4,A,12.1,A,1459,10.6,A,0623,NA
HT004,41,WAT107,2D,WATLMC01,1995-09-25,11.5,A,12.1,A,1314,11.2,A,0641,NA
HT004,41,WAT107,2D,WATLMC01,1995-09-26,11.4,A,12,A,1305,11,A,0651,NA
HT004,41,WAT107,2D,WATLMC01,1995-09-27,11.3,A,11.9,A,1444,11,A,0649,NA
HT004,41,WAT107,2D,WATLMC01,1995-09-28,10.9,A,11.2,A,1258,10.4,A,2358,NA
HT004,41,WAT107,2D,WATLMC01,1995-09-29,10.5,A,10.9,A,1512,10.2,A,0634,NA
HT004,41,WAT107,2D,WATLMC01,1995-09-30,10.6,A,11.1,A,1355,10.1,A,2350,NA
HT004,41,WAT107,2D,WATLMC01,1995-10-01,9.8,A,10.4,A,1418,9.2,A,0734,NA
HT004,41,WAT107,2D,WATLMC01,1995-10-02,9.8,A,10.6,A,1455,9,A,0639,NA
HT004,41,WAT107,2D,WATLMC01,1995-10-03,10.1,A,10.4,A,0414,9.5,A,2354,NA
HT004,41,WAT107,2D,WATLMC01,1995-10-04,9.4,A,10.1,A,1310,8.7,A,2359,NA
HT004,41,WAT107,2D,WATLMC01,1995-10-05,NA,M,NA,M,NA,NA,M,NA,NA
HT004,41,WAT107,2D,WATLMC01,1995-10-06,9.1,A,9.7,A,1445,8.6,A,2355,NA
HT004,41,WAT107,2D,WATLMC01,1995-10-07,8.5,A,9.2,A,1528,2.3,A,0601,NA
HT004,41,WAT107,2D,WATLMC01,1995-10-08,8.8,A,9.3,A,1507,8.1,A,0555,NA
HT004,41,WAT107,2D,WATLMC01,1995-10-09,9.3,A,9.9,A,1500,8.9,A,0637,NA
HT004,41,WAT107,2D,WATLMC01,1995-10-10,9.5,A,10.2,A,1452,9,A,0645,NA
HT004,41,WAT107,2D,WATLMC01,1995-10-11,9.1,A,9.6,A,0009,8.4,A,2359,NA
HT004,41,WAT107,2D,WATLMC01,1995-10-12,8.3,A,8.9,A,1417,7.6,A,0000,NA
HT004,41,WAT107,2D,WATLMC01,1995-10-13,NA,M,NA,M,NA,NA,M,NA,NA
HT004,41,WAT107,2D,WATLMC01,1995-10-14,NA,M,NA,M,NA,NA,M,NA,NA
HT004,41,WAT107,2D,WATLMC01,1995-10-15,8.7,A,9.3,A,1532,0.2,A,0455,NA
HT004,41,WAT107,2D,WATLMC01,1995-10-16,9.2,A,9.6,A,1513,8.7,A,2320,NA
HT004,41,WAT107,2D,WATLMC01,1995-10-17,8.8,A,9.1,A,1516,8.3,A,0611,NA
HT004,41,WAT107,2D,WATLMC01,1995-10-18,NA,M,NA,M,NA,NA,M,NA,NA
HT004,41,WAT107,2D,WATLMC01,1995-10-19,NA,M,NA,M,NA,NA,M,NA,NA
HT004,41,WAT107,2D,WATLMC01,1995-10-20,8.1,A,8.6,A,1440,7.4,A,0340,NA
HT004,41,WAT107,2D,WATLMC01,1995-10-21,7.9,A,8.3,A,1243,7.4,A,2357,NA
HT004,41,WAT107,2D,WATLMC01,1995-10-22,7.2,A,7.6,A,1438,6.9,A,0750,NA
HT004,41,WAT107,2D,WATLMC01,1995-10-23,NA,M,NA,M,NA,NA,M,NA,NA
HT004,41,WAT107,2D,WATLMC01,1995-10-24,7.4,A,8.1,A,1446,6.8,A,0356,NA
HT004,41,WAT107,2D,WATLMC01,1995-10-25,7.8,A,8.1,A,1407,7.5,A,0003,NA
HT004,41,WAT107,2D,WATLMC01,1995-10-26,8.3,A,8.7,A,1517,7.8,A,0019,NA
HT004,41,WAT107,2D,WATLMC01,1995-10-27,7.9,A,8.3,A,1326,7.4,A,0000,NA
HT004,41,WAT107,2D,WATLMC01,1995-10-28,7.5,A,8.1,A,1403,7,A,0645,NA
HT004,41,WAT107,2D,WATLMC01,1995-10-29,NA,M,NA,M,NA,NA,M,NA,NA
HT004,41,WAT107,2D,WATLMC01,1995-10-30,NA,M,NA,M,NA,NA,M,NA,NA
HT004,41,WAT107,2D,WATLMC01,1995-10-31,NA,M,NA,M,NA,NA,M,NA,NA
HT004,41,WAT107,2D,WATLMC01,1995-11-01,NA,M,NA,M,NA,NA,M,NA,NA
HT004,41,WAT107,2D,WATLMC01,1995-11-02,NA,M,NA,M,NA,NA,M,NA,NA
HT004,41,WAT107,2D,WATLMC01,1995-11-03,NA,M,NA,M,NA,NA,M,NA,NA
HT004,41,WAT107,2D,WATLMC01,1995-11-04,5,A,5.8,A,1558,4.2,A,0712,NA
HT004,41,WAT107,2D,WATLMC01,1995-11-05,5.9,A,6.2,A,1444,5.6,A,0112,NA
HT004,41,WAT107,2D,WATLMC01,1995-11-06,6,A,6.2,A,1440,5.7,A,0656,NA
HT004,41,WAT107,2D,WATLMC01,1995-11-07,6.8,A,7.1,A,2353,6.1,A,0007,NA
HT004,41,WAT107,2D,WATLMC01,1995-11-08,7.5,A,7.9,A,1850,7,A,0004,NA
HT004,41,WAT107,2D,WATLMC01,1995-11-09,6.8,A,7.5,A,0009,6.2,A,2359,NA
HT004,41,WAT107,2D,WATLMC01,1995-11-10,6.3,A,6.8,A,2358,6,A,0353,NA
HT004,41,WAT107,2D,WATLMC01,1995-11-11,7.4,A,7.8,A,1708,6.7,A,0005,NA
HT004,41,WAT107,2D,WATLMC01,1995-11-12,7.8,A,8,A,2324,7.5,A,0354,NA
HT004,41,WAT107,2D,WATLMC01,1995-11-13,8.4,A,8.6,A,1456,8,A,0000,NA
HT004,41,WAT107,2D,WATLMC01,1995-11-14,8.1,A,8.3,A,0014,7.9,A,1028,NA
HT004,41,WAT107,2D,WATLMC01,1995-11-15,8.2,A,8.6,A,1448,7.9,A,0141,NA
HT004,41,WAT107,2D,WATLMC01,1995-11-16,8.2,A,8.4,A,1336,7.8,A,2351,NA
HT004,41,WAT107,2D,WATLMC01,1995-11-17,8.1,A,8.5,A,2316,7.5,A,0719,NA
HT004,41,WAT107,2D,WATLMC01,1995-11-18,7.7,A,8.5,A,0102,6.8,A,2355,NA
HT004,41,WAT107,2D,WATLMC01,1995-11-19,7,A,7.4,A,1542,6.7,A,0456,NA
HT004,41,WAT107,2D,WATLMC01,1995-11-20,6.9,A,7.3,A,1609,6.4,A,0759,NA
HT004,41,WAT107,2D,WATLMC01,1995-11-21,7.6,A,8,A,1452,7.1,A,0023,NA
HT004,41,WAT107,2D,WATLMC01,1995-11-22,8,A,8.3,A,1416,7.7,A,2357,NA
HT004,41,WAT107,2D,WATLMC01,1995-11-23,7.9,A,8.4,A,1346,7.5,A,0328,NA
HT004,41,WAT107,2D,WATLMC01,1995-11-24,8.2,A,8.6,A,2235,7.9,A,0724,NA
HT004,41,WAT107,2D,WATLMC01,1995-11-25,7.8,A,8.6,A,0115,7.1,A,2033,NA
HT004,41,WAT107,2D,WATLMC01,1995-11-26,6.9,A,7.2,A,1439,6.7,A,2218,NA
HT004,41,WAT107,2D,WATLMC01,1995-11-27,6.7,A,7.2,A,2358,6.4,A,1615,NA
HT004,41,WAT107,2D,WATLMC01,1995-11-28,7.5,A,7.7,A,0658,7.2,A,0001,NA
HT004,41,WAT107,2D,WATLMC01,1995-11-29,7.6,A,7.8,A,2357,7.4,A,0852,NA
HT004,41,WAT107,2D,WATLMC01,1995-11-30,7.6,A,7.8,A,0409,7.5,A,0802,NA
HT004,41,WAT107,2D,WATLMC01,1995-12-01,7.1,A,7.7,A,0104,6.6,A,2206,NA
HT004,41,WAT107,2D,WATLMC01,1995-12-02,6.5,A,6.7,A,0024,6.2,A,0646,NA
HT004,41,WAT107,2D,WATLMC01,1995-12-03,6.4,A,6.9,A,2346,6.1,A,0705,NA
HT004,41,WAT107,2D,WATLMC01,1995-12-04,6.2,A,6.9,A,0003,5.8,A,2349,NA
HT004,41,WAT107,2D,WATLMC01,1995-12-05,5.9,A,6.2,A,2346,5.3,A,0858,NA
HT004,41,WAT107,2D,WATLMC01,1995-12-06,6.5,A,6.9,A,1637,6,A,0503,NA
HT004,41,WAT107,2D,WATLMC01,1995-12-07,6.2,A,6.8,A,0002,5.7,A,2353,NA
HT004,41,WAT107,2D,WATLMC01,1995-12-08,5.9,A,6.2,A,2339,5.5,A,0700,NA
HT004,41,WAT107,2D,WATLMC01,1995-12-09,6.6,A,7.1,A,1643,6.1,A,0043,NA
HT004,41,WAT107,2D,WATLMC01,1995-12-10,7,A,7.4,A,2045,6.7,A,0032,NA
HT004,41,WAT107,2D,WATLMC01,1995-12-11,7.1,A,7.3,A,0013,7,A,1034,NA
HT004,41,WAT107,2D,WATLMC01,1995-12-12,7.2,A,7.5,A,1221,6.7,A,2358,NA
HT004,41,WAT107,2D,WATLMC01,1995-12-13,6.3,A,6.7,A,0002,6.1,A,0810,NA
HT004,41,WAT107,2D,WATLMC01,1995-12-14,6.3,A,6.7,A,1246,5.9,A,2345,NA
HT004,41,WAT107,2D,WATLMC01,1995-12-15,6.1,A,6.4,A,1442,5.8,A,0335,NA
HT004,41,WAT107,2D,WATLMC01,1995-12-16,6,A,6.2,A,1439,5.7,A,2357,NA
HT004,41,WAT107,2D,WATLMC01,1995-12-17,5.9,A,6.4,A,1528,5.5,A,0528,NA
HT004,41,WAT107,2D,WATLMC01,1995-12-18,6,A,6.4,A,1443,5.7,A,0312,NA
HT004,41,WAT107,2D,WATLMC01,1995-12-19,6.2,A,6.4,A,1615,5.9,A,0429,NA
HT004,41,WAT107,2D,WATLMC01,1995-12-20,5.7,A,6.1,A,0001,5.2,A,2353,NA
HT004,41,WAT107,2D,WATLMC01,1995-12-21,5,A,5.3,A,0034,4.5,A,2350,NA
HT004,41,WAT107,2D,WATLMC01,1995-12-22,NA,M,NA,M,NA,NA,M,NA,NA
HT004,41,WAT107,2D,WATLMC01,1995-12-23,3.9,A,4.1,A,1629,2.7,A,0547,NA
HT004,41,WAT107,2D,WATLMC01,1995-12-24,NA,M,NA,M,NA,NA,M,NA,NA
HT004,41,WAT107,2D,WATLMC01,1995-12-25,NA,M,NA,M,NA,NA,M,NA,NA
HT004,41,WAT107,2D,WATLMC01,1995-12-26,3.8,A,4.2,A,0000,3.4,A,0550,NA
HT004,41,WAT107,2D,WATLMC01,1995-12-27,4.6,A,4.9,A,1457,4.2,A,0009,NA
HT004,41,WAT107,2D,WATLMC01,1995-12-28,4.9,A,5.1,A,1432,4.7,A,0833,NA
HT004,41,WAT107,2D,WATLMC01,1995-12-29,NA,M,NA,M,NA,NA,M,NA,NA
HT004,41,WAT107,2D,WATLMC01,1995-12-30,NA,M,NA,M,NA,NA,M,NA,NA
HT004,41,WAT107,2D,WATLMC01,1995-12-31,6.3,A,6.8,A,1152,5.9,A,2356,NA
HT004,41,WAT107,2D,WATLMC01,1996-01-01,6.3,A,6.8,A,1611,5.9,A,0155,NA
HT004,41,WAT107,2D,WATLMC01,1996-01-02,6.4,A,6.9,A,2203,5.9,A,0830,NA
HT004,41,WAT107,2D,WATLMC01,1996-01-03,6.5,A,6.9,A,0139,5.7,A,2332,NA
HT004,41,WAT107,2D,WATLMC01,1996-01-04,5.5,A,5.9,A,0109,5.1,A,0552,NA
HT004,41,WAT107,2D,WATLMC01,1996-01-05,NA,M,NA,M,NA,NA,M,NA,NA
HT004,41,WAT107,2D,WATLMC01,1996-01-06,5.8,A,6.2,A,1543,5.5,A,0758,NA
HT004,41,WAT107,2D,WATLMC01,1996-01-07,6.2,A,6.4,A,1620,5.8,A,0005,NA
HT004,41,WAT107,2D,WATLMC01,1996-01-08,6.4,A,6.5,A,1649,6.3,A,0734,NA
HT004,41,WAT107,2D,WATLMC01,1996-01-09,6.5,A,6.6,A,1348,6.2,A,2301,NA
HT004,41,WAT107,2D,WATLMC01,1996-01-10,6.1,A,6.3,A,1345,5.9,A,1023,NA
HT004,41,WAT107,2D,WATLMC01,1996-01-11,5.9,A,6.2,A,1738,5.6,A,0825,NA
HT004,41,WAT107,2D,WATLMC01,1996-01-12,6.1,A,6.4,A,1647,5.8,A,1003,NA
HT004,41,WAT107,2D,WATLMC01,1996-01-13,5.7,A,6,A,1557,5.4,A,0922,NA
HT004,41,WAT107,2D,WATLMC01,1996-01-14,6.1,A,6.4,A,1615,5.5,A,0028,NA
HT004,41,WAT107,2D,WATLMC01,1996-01-15,6.5,A,6.6,A,0702,6.3,A,2111,NA
HT004,41,WAT107,2D,WATLMC01,1996-01-16,6,A,6.4,A,0121,5.3,A,2359,NA
HT004,41,WAT107,2D,WATLMC01,1996-01-17,5.1,A,5.4,A,1411,4.8,A,2358,NA
HT004,41,WAT107,2D,WATLMC01,1996-01-18,4.6,A,4.9,A,0901,3.8,A,1456,NA
HT004,41,WAT107,2D,WATLMC01,1996-01-19,5.1,A,5.4,A,1249,4.7,A,0000,NA
HT004,41,WAT107,2D,WATLMC01,1996-01-20,4.5,A,5.3,A,0155,3.9,A,1437,NA
HT004,41,WAT107,2D,WATLMC01,1996-01-21,4.6,A,4.9,A,1540,4,A,0643,NA
HT004,41,WAT107,2D,WATLMC01,1996-01-22,4.6,A,5,A,1409,4,A,2355,NA
HT004,41,WAT107,2D,WATLMC01,1996-01-23,3.6,A,4.1,A,0830,2.7,A,2242,NA
HT004,41,WAT107,2D,WATLMC01,1996-01-24,3.3,A,3.6,A,2350,2.9,A,0004,NA
HT004,41,WAT107,2D,WATLMC01,1996-01-25,3.7,A,4,A,1535,3.4,A,2308,NA
HT004,41,WAT107,2D,WATLMC01,1996-01-26,3.7,A,4.1,A,1335,3.3,A,0325,NA
HT004,41,WAT107,2D,WATLMC01,1996-01-27,3.2,A,3.6,A,0005,2.5,A,0313,NA
HT004,41,WAT107,2D,WATLMC01,1996-01-28,3.1,A,3.4,A,1704,2.6,A,0911,NA
HT004,41,WAT107,2D,WATLMC01,1996-01-29,3.4,A,3.7,A,1440,3.1,A,0150,NA
HT004,41,WAT107,2D,WATLMC01,1996-01-30,2.9,A,3.3,A,0000,2.6,A,0849,NA
HT004,41,WAT107,2D,WATLMC01,1996-01-31,2.5,A,2.9,A,1515,2.1,A,0920,NA
HT004,41,WAT107,2D,WATLMC01,1996-02-01,2.1,A,2.5,A,1546,1.6,A,0902,NA
HT004,41,WAT107,2D,WATLMC01,1996-02-02,1.8,A,2.2,A,1633,1.3,A,0902,NA
HT004,41,WAT107,2D,WATLMC01,1996-02-03,2.6,A,3.3,A,1508,1.8,A,0513,NA
HT004,41,WAT107,2D,WATLMC01,1996-02-04,3.4,A,3.8,A,1416,3.1,A,0050,NA
HT004,41,WAT107,2D,WATLMC01,1996-02-05,3.9,A,4.1,A,1534,3.6,A,0001,NA
HT004,41,WAT107,2D,WATLMC01,1996-02-06,3.1,A,3.7,A,0002,2.6,A,1834,NA
HT004,41,WAT107,2D,WATLMC01,1996-02-07,NA,M,NA,M,NA,NA,M,NA,NA
HT004,41,WAT107,2D,WATLMC01,1996-02-08,NA,M,NA,M,NA,NA,M,NA,NA
HT004,41,WAT107,2D,WATLMC01,1996-02-09,NA,M,NA,M,NA,NA,M,NA,NA
HT004,41,WAT107,2D,WATLMC01,1996-02-10,NA,M,NA,M,NA,NA,M,NA,NA
HT004,41,WAT107,2D,WATLMC01,1996-02-11,NA,M,NA,M,NA,NA,M,NA,NA
HT004,41,WAT107,2D,WATLMC01,1996-02-12,NA,M,NA,M,NA,NA,M,NA,NA
HT004,41,WAT107,2D,WATLMC01,1996-02-13,NA,M,NA,M,NA,NA,M,NA,NA
HT004,41,WAT107,2D,WATLMC01,1996-02-14,NA,M,NA,M,NA,NA,M,NA,NA
HT004,41,WAT107,2D,WATLMC02,1995-05-08,7.5,A,7.9,A,1544,6.9,A,2357,METHOD
HT004,41,WAT107,2D,WATLMC02,1995-05-09,7,A,7.3,A,1656,6.7,A,0631,NA
HT004,41,WAT107,2D,WATLMC02,1995-05-10,6.9,A,7.3,A,1330,6.6,A,0610,NA
HT004,41,WAT107,2D,WATLMC02,1995-05-11,6.3,A,6.7,A,0000,5.7,A,2358,NA
HT004,41,WAT107,2D,WATLMC02,1995-05-12,6,A,7.1,A,1328,5.4,A,0540,NA
HT004,41,WAT107,2D,WATLMC02,1995-05-13,6,A,6.8,A,1641,5.1,A,0537,NA
HT004,41,WAT107,2D,WATLMC02,1995-05-14,6.9,A,8.8,A,1503,5.5,A,0635,NA
HT004,41,WAT107,2D,WATLMC02,1995-05-15,7.4,A,8.8,A,1456,6.2,A,0706,NA
HT004,41,WAT107,2D,WATLMC02,1995-05-16,7.5,A,7.8,A,1132,7.3,A,0551,NA
HT004,41,WAT107,2D,WATLMC02,1995-05-17,7.7,A,8.9,A,1412,7.1,A,0649,NA
HT004,41,WAT107,2D,WATLMC02,1995-05-18,7.5,A,8.8,A,1457,6.5,A,0808,NA
HT004,41,WAT107,2D,WATLMC02,1995-05-19,7.7,A,9.4,A,1515,6.3,A,0630,NA
HT004,41,WAT107,2D,WATLMC02,1995-05-20,8.4,A,9.9,A,1457,7.2,A,0720,NA
HT004,41,WAT107,2D,WATLMC02,1995-05-21,8.5,A,9.8,A,1501,7.3,A,0715,NA
HT004,41,WAT107,2D,WATLMC02,1995-05-22,8.9,A,10.2,A,1453,7.9,A,0618,NA
HT004,41,WAT107,2D,WATLMC02,1995-05-23,8.9,A,10.4,A,1505,8,A,0701,NA
HT004,41,WAT107,2D,WATLMC02,1995-05-24,8.5,A,9.6,A,1615,7.5,A,0726,NA
HT004,41,WAT107,2D,WATLMC02,1995-05-25,9,A,10.5,A,1449,7.8,A,0647,NA
HT004,41,WAT107,2D,WATLMC02,1995-05-26,9.3,A,10.7,A,1322,8.2,A,0628,NA
HT004,41,WAT107,2D,WATLMC02,1995-05-27,9.6,A,10.6,A,1523,8.7,A,0657,NA
HT004,41,WAT107,2D,WATLMC02,1995-05-28,10,A,11.5,A,1511,8.7,A,0721,NA
HT004,41,WAT107,2D,WATLMC02,1995-05-29,10.6,A,12.2,A,1506,9.5,A,0645,NA
HT004,41,WAT107,2D,WATLMC02,1995-05-30,10.7,A,11.9,A,1548,9.7,A,0721,NA
HT004,41,WAT107,2D,WATLMC02,1995-05-31,10.7,A,12.2,A,1505,9.7,A,0652,NA
HT004,41,WAT107,2D,WATLMC02,1995-06-01,10.8,A,12.2,A,1335,9.9,A,0704,NA
HT004,41,WAT107,2D,WATLMC02,1995-06-02,10.8,A,11.7,A,1443,10.1,A,0548,NA
HT004,41,WAT107,2D,WATLMC02,1995-06-03,10.9,A,12.3,A,1518,10,A,0700,NA
HT004,41,WAT107,2D,WATLMC02,1995-06-04,10.5,A,11,A,1544,9.7,A,2358,NA
HT004,41,WAT107,2D,WATLMC02,1995-06-05,8.7,A,9.7,A,0000,7.8,A,2350,NA
HT004,41,WAT107,2D,WATLMC02,1995-06-06,7.7,A,7.9,A,1225,7.5,A,2357,NA
HT004,41,WAT107,2D,WATLMC02,1995-06-07,8,A,8.8,A,1624,7.4,A,0532,NA
HT004,41,WAT107,2D,WATLMC02,1995-06-08,8.5,A,9.7,A,1407,7.3,A,0546,NA
HT004,41,WAT107,2D,WATLMC02,1995-06-09,9.2,A,10.3,A,1345,8,A,0702,NA
HT004,41,WAT107,2D,WATLMC02,1995-06-10,9.3,A,9.8,A,1232,8.9,A,2357,NA
HT004,41,WAT107,2D,WATLMC02,1995-06-11,9.3,A,10.5,A,1448,8.4,A,0738,NA
HT004,41,WAT107,2D,WATLMC02,1995-06-12,NA,M,NA,M,NA,NA,M,NA,NA
HT004,41,WAT107,2D,WATLMC02,1995-06-13,9.1,A,9.3,A,0003,8.9,A,2358,NA
HT004,41,WAT107,2D,WATLMC02,1995-06-14,9,A,9.4,A,1512,8.7,A,0657,NA
HT004,41,WAT107,2D,WATLMC02,1995-06-15,8.9,A,9.5,A,1629,8.4,A,0615,NA
HT004,41,WAT107,2D,WATLMC02,1995-06-16,8.9,A,9.1,A,1259,8.7,A,0622,NA
HT004,41,WAT107,2D,WATLMC02,1995-06-17,9,A,9.6,A,1406,8.6,A,0726,NA
HT004,41,WAT107,2D,WATLMC02,1995-06-18,8.4,A,8.8,A,0001,8,A,2353,NA
HT004,41,WAT107,2D,WATLMC02,1995-06-19,8.1,A,8.5,A,1334,7.8,A,0552,NA
HT004,41,WAT107,2D,WATLMC02,1995-06-20,8.1,A,8.4,A,1551,7.9,A,0520,NA
HT004,41,WAT107,2D,WATLMC02,1995-06-21,8.4,A,9.1,A,1542,7.9,A,0547,NA
HT004,41,WAT107,2D,WATLMC02,1995-06-22,9.2,A,10.4,A,1500,8.3,A,0728,NA
HT004,41,WAT107,2D,WATLMC02,1995-06-23,10,A,11.3,A,1515,8.9,A,0636,NA
HT004,41,WAT107,2D,WATLMC02,1995-06-24,10.7,A,12,A,1527,9.7,A,0737,NA
HT004,41,WAT107,2D,WATLMC02,1995-06-25,10.9,A,12.3,A,1536,9.9,A,0734,NA
HT004,41,WAT107,2D,WATLMC02,1995-06-26,11.1,A,12.4,A,1518,10.2,A,0741,NA
HT004,41,WAT107,2D,WATLMC02,1995-06-27,11,A,12.4,A,1511,9.7,A,0642,NA
HT004,41,WAT107,2D,WATLMC02,1995-06-28,11.4,A,12.7,A,1502,10.4,A,0705,NA
HT004,41,WAT107,2D,WATLMC02,1995-06-29,11.6,A,12.9,A,1518,10.4,A,0642,NA
HT004,41,WAT107,2D,WATLMC02,1995-06-30,12,A,13.4,A,1419,11,A,0623,NA
HT004,41,WAT107,2D,WATLMC02,1995-07-01,12.5,A,13.7,A,1511,11.5,A,0712,NA
HT004,41,WAT107,2D,WATLMC02,1995-07-02,12.1,A,12.6,A,1402,11.7,A,0653,NA
HT004,41,WAT107,2D,WATLMC02,1995-07-03,11.7,A,12.2,A,1452,11.3,A,0000,NA
HT004,41,WAT107,2D,WATLMC02,1995-07-04,11.8,A,13,A,1457,11,A,0632,NA
HT004,41,WAT107,2D,WATLMC02,1995-07-05,11.7,A,12.8,A,1522,10.8,A,0556,NA
HT004,41,WAT107,2D,WATLMC02,1995-07-06,11.9,A,12.8,A,1534,11.3,A,0607,NA
HT004,41,WAT107,2D,WATLMC02,1995-07-07,11.7,A,12.5,A,1501,11,A,0543,NA
HT004,41,WAT107,2D,WATLMC02,1995-07-08,12.2,A,13.5,A,1553,11.3,A,0712,NA
HT004,41,WAT107,2D,WATLMC02,1995-07-09,12,A,12.3,A,0000,11.4,A,2352,NA
HT004,41,WAT107,2D,WATLMC02,1995-07-10,11.5,A,12.1,A,1520,11,A,0632,NA
HT004,41,WAT107,2D,WATLMC02,1995-07-11,11.3,A,12.3,A,1319,10.7,A,0653,NA
HT004,41,WAT107,2D,WATLMC02,1995-07-12,11.1,A,11.8,A,1513,10.5,A,0705,NA
HT004,41,WAT107,2D,WATLMC02,1995-07-13,11.1,A,12,A,1519,10.4,A,0535,NA
HT004,41,WAT107,2D,WATLMC02,1995-07-14,11.4,A,12.6,A,1538,10.3,A,0701,NA
HT004,41,WAT107,2D,WATLMC02,1995-07-15,11.8,A,13.1,A,1532,10.7,A,0705,NA
HT004,41,WAT107,2D,WATLMC02,1995-07-16,12.4,A,13.8,A,1513,11.2,A,0738,NA
HT004,41,WAT107,2D,WATLMC02,1995-07-17,13.1,A,14.6,A,1559,11.9,A,0715,NA
HT004,41,WAT107,2D,WATLMC02,1995-07-18,13.4,A,14.3,A,1246,12.8,A,0655,NA
HT004,41,WAT107,2D,WATLMC02,1995-07-19,13.8,A,15.1,A,1440,13,A,0655,NA
HT004,41,WAT107,2D,WATLMC02,1995-07-20,14,A,15.1,A,1531,13.3,A,0637,NA
HT004,41,WAT107,2D,WATLMC02,1995-07-21,14.1,A,15.3,A,1522,13.3,A,0724,NA
HT004,41,WAT107,2D,WATLMC02,1995-07-22,14,A,14.9,A,1537,13.4,A,0804,NA
HT004,41,WAT107,2D,WATLMC02,1995-07-23,14,A,15.1,A,1508,13.4,A,0824,NA
HT004,41,WAT107,2D,WATLMC02,1995-07-24,14,A,15.1,A,1503,13.3,A,0619,NA
HT004,41,WAT107,2D,WATLMC02,1995-07-25,13.8,A,15,A,1501,12.7,A,0728,NA
HT004,41,WAT107,2D,WATLMC02,1995-07-26,13.5,A,13.9,A,1611,13.3,A,0750,NA
HT004,41,WAT107,2D,WATLMC02,1995-07-27,13.9,A,15.2,A,1520,13.1,A,0623,NA
HT004,41,WAT107,2D,WATLMC02,1995-07-28,14.2,A,15.5,A,1531,13.2,A,0737,NA
HT004,41,WAT107,2D,WATLMC02,1995-07-29,13.5,A,14.3,A,1408,12.5,A,2359,NA
HT004,41,WAT107,2D,WATLMC02,1995-07-30,12.6,A,14.1,A,1530,11.4,A,0727,NA
HT004,41,WAT107,2D,WATLMC02,1995-07-31,12.9,A,14.5,A,1533,11.4,A,0728,NA
HT004,41,WAT107,2D,WATLMC02,1995-08-01,13.5,A,14.9,A,1514,12.4,A,0738,NA
HT004,41,WAT107,2D,WATLMC02,1995-08-02,13.8,A,15.2,A,1520,12.7,A,0708,NA
HT004,41,WAT107,2D,WATLMC02,1995-08-03,13.8,A,15.2,A,1539,12.7,A,0712,NA
HT004,41,WAT107,2D,WATLMC02,1995-08-04,14.2,A,15.7,A,1541,13.1,A,0746,NA
HT004,41,WAT107,2D,WATLMC02,1995-08-05,14.4,A,15.7,A,1508,13.5,A,0746,NA
HT004,41,WAT107,2D,WATLMC02,1995-08-06,14,A,14.9,A,1348,13.1,A,0718,NA
HT004,41,WAT107,2D,WATLMC02,1995-08-07,13,A,13.9,A,0000,12.5,A,2357,NA
HT004,41,WAT107,2D,WATLMC02,1995-08-08,12.8,A,13.9,A,1516,12,A,0847,NA
HT004,41,WAT107,2D,WATLMC02,1995-08-09,12.8,A,14.3,A,1522,11.6,A,0742,NA
HT004,41,WAT107,2D,WATLMC02,1995-08-10,12.8,A,13.1,A,1550,12.3,A,0000,NA
HT004,41,WAT107,2D,WATLMC02,1995-08-11,12.6,A,13.8,A,1521,11.9,A,0634,NA
HT004,41,WAT107,2D,WATLMC02,1995-08-12,12.1,A,12.9,A,1502,11.5,A,0611,NA
HT004,41,WAT107,2D,WATLMC02,1995-08-13,11.9,A,13.3,A,1540,10.7,A,0624,NA
HT004,41,WAT107,2D,WATLMC02,1995-08-14,12.3,A,13.6,A,1529,11.2,A,0750,NA
HT004,41,WAT107,2D,WATLMC02,1995-08-15,12.7,A,13.8,A,1443,12.1,A,0504,NA
HT004,41,WAT107,2D,WATLMC02,1995-08-16,12.2,A,12.6,A,1504,11.6,A,2352,NA
HT004,41,WAT107,2D,WATLMC02,1995-08-17,11.2,A,11.7,A,0000,10.6,A,2359,NA
HT004,41,WAT107,2D,WATLMC02,1995-08-18,11,A,12.2,A,1525,10.2,A,0508,NA
HT004,41,WAT107,2D,WATLMC02,1995-08-19,11.4,A,12.8,A,1545,10.2,A,0736,NA
HT004,41,WAT107,2D,WATLMC02,1995-08-20,12.1,A,13.4,A,1524,11.1,A,0810,NA
HT004,41,WAT107,2D,WATLMC02,1995-08-21,12.3,A,13.6,A,1520,11.3,A,0733,NA
HT004,41,WAT107,2D,WATLMC02,1995-08-22,12.3,A,13.7,A,1540,11.3,A,0817,NA
HT004,41,WAT107,2D,WATLMC02,1995-08-23,12.3,A,12.9,A,1524,11.6,A,2357,NA
HT004,41,WAT107,2D,WATLMC02,1995-08-24,11.7,A,12.8,A,1502,10.7,A,0728,NA
HT004,41,WAT107,2D,WATLMC02,1995-08-25,11.6,A,12.9,A,1529,10.5,A,0735,NA
HT004,41,WAT107,2D,WATLMC02,1995-08-26,11.5,A,12.6,A,1521,10.5,A,0816,NA
HT004,41,WAT107,2D,WATLMC02,1995-08-27,11.4,A,12.8,A,1543,10.3,A,0753,NA
HT004,41,WAT107,2D,WATLMC02,1995-08-28,11.9,A,12.4,A,1430,11.4,A,0558,NA
HT004,41,WAT107,2D,WATLMC02,1995-08-29,12,A,12.9,A,1541,11.5,A,0611,NA
HT004,41,WAT107,2D,WATLMC02,1995-08-30,11.9,A,13.1,A,1537,10.9,A,0807,NA
HT004,41,WAT107,2D,WATLMC02,1995-08-31,12.2,A,13.5,A,1539,11.2,A,0753,NA
HT004,41,WAT107,2D,WATLMC02,1995-09-01,12.7,A,13.9,A,1534,11.7,A,0730,NA
HT004,41,WAT107,2D,WATLMC02,1995-09-02,12.8,A,14.1,A,1546,12,A,0743,NA
HT004,41,WAT107,2D,WATLMC02,1995-09-03,12.9,A,13.9,A,1502,12.4,A,0546,NA
HT004,41,WAT107,2D,WATLMC02,1995-09-04,12.7,A,13.5,A,1550,12,A,0733,NA
HT004,41,WAT107,2D,WATLMC02,1995-09-05,12.7,A,13.4,A,1541,12.2,A,2357,NA
HT004,41,WAT107,2D,WATLMC02,1995-09-06,12.3,A,13,A,1527,11.6,A,0633,NA
HT004,41,WAT107,2D,WATLMC02,1995-09-07,12.2,A,12.8,A,1551,11.7,A,2358,NA
HT004,41,WAT107,2D,WATLMC02,1995-09-08,11.9,A,13.2,A,1545,11,A,0704,NA
HT004,41,WAT107,2D,WATLMC02,1995-09-09,12.2,A,13.4,A,1519,11.3,A,0645,NA
HT004,41,WAT107,2D,WATLMC02,1995-09-10,12.5,A,13.7,A,1510,11.6,A,0706,NA
HT004,41,WAT107,2D,WATLMC02,1995-09-11,12.6,A,13.8,A,1527,11.8,A,0731,NA
HT004,41,WAT107,2D,WATLMC02,1995-09-12,12.8,A,14,A,1519,12,A,0715,NA
HT004,41,WAT107,2D,WATLMC02,1995-09-13,12.8,A,14,A,1531,11.9,A,0813,NA
HT004,41,WAT107,2D,WATLMC02,1995-09-14,13,A,14.3,A,1549,12.1,A,0657,NA
HT004,41,WAT107,2D,WATLMC02,1995-09-15,13.3,A,14.1,A,1442,12.7,A,0727,NA
HT004,41,WAT107,2D,WATLMC02,1995-09-16,13.4,A,14,A,1451,13.1,A,0720,NA
HT004,41,WAT107,2D,WATLMC02,1995-09-17,13.5,A,14.4,A,1515,13,A,0700,NA
HT004,41,WAT107,2D,WATLMC02,1995-09-18,13.4,A,14.4,A,1529,12.9,A,0922,NA
HT004,41,WAT107,2D,WATLMC02,1995-09-19,13,A,14.1,A,1536,12.2,A,0710,NA
HT004,41,WAT107,2D,WATLMC02,1995-09-20,12.9,A,14,A,1512,12.2,A,0721,NA
HT004,41,WAT107,2D,WATLMC02,1995-09-21,12.3,A,13.1,A,1514,11.5,A,0833,NA
HT004,41,WAT107,2D,WATLMC02,1995-09-22,11.7,A,12.9,A,1533,10.6,A,0829,NA
HT004,41,WAT107,2D,WATLMC02,1995-09-23,11.8,A,13,A,1534,10.9,A,0747,NA
HT004,41,WAT107,2D,WATLMC02,1995-09-24,11.9,A,12.7,A,1618,11.1,A,0630,NA
HT004,41,WAT107,2D,WATLMC02,1995-09-25,12.2,A,12.6,A,1328,11.9,A,0630,NA
HT004,41,WAT107,2D,WATLMC02,1995-09-26,12,A,12.4,A,1259,11.6,A,0653,NA
HT004,41,WAT107,2D,WATLMC02,1995-09-27,12,A,12.4,A,1438,11.7,A,0614,NA
HT004,41,WAT107,2D,WATLMC02,1995-09-28,11.6,A,11.8,A,0015,11.1,A,2350,NA
HT004,41,WAT107,2D,WATLMC02,1995-09-29,11.2,A,11.4,A,1651,10.9,A,0730,NA
HT004,41,WAT107,2D,WATLMC02,1995-09-30,11.2,A,11.6,A,1402,10.7,A,2357,NA
HT004,41,WAT107,2D,WATLMC02,1995-10-01,10.3,A,10.9,A,1458,9.6,A,0852,NA
HT004,41,WAT107,2D,WATLMC02,1995-10-02,10.3,A,11,A,1546,9.5,A,0650,NA
HT004,41,WAT107,2D,WATLMC02,1995-10-03,10.7,A,11,A,0632,10.1,A,2358,NA
HT004,41,WAT107,2D,WATLMC02,1995-10-04,10,A,10.6,A,1447,9.4,A,2358,NA
HT004,41,WAT107,2D,WATLMC02,1995-10-05,9.3,A,10,A,1505,8.6,A,0848,NA
HT004,41,WAT107,2D,WATLMC02,1995-10-06,9.5,A,10.1,A,1456,9,A,2359,NA
HT004,41,WAT107,2D,WATLMC02,1995-10-07,8.9,A,9.6,A,1508,8.2,A,0806,NA
HT004,41,WAT107,2D,WATLMC02,1995-10-08,9.1,A,9.5,A,1713,8.5,A,0540,NA
HT004,41,WAT107,2D,WATLMC02,1995-10-09,9.6,A,10.1,A,1526,9.3,A,0604,NA
HT004,41,WAT107,2D,WATLMC02,1995-10-10,9.8,A,10.4,A,1453,9.4,A,0636,NA
HT004,41,WAT107,2D,WATLMC02,1995-10-11,9.5,A,10,A,0005,8.9,A,2355,NA
HT004,41,WAT107,2D,WATLMC02,1995-10-12,8.8,A,9.4,A,1430,8.1,A,2353,NA
HT004,41,WAT107,2D,WATLMC02,1995-10-13,8.1,A,8.7,A,1558,7.5,A,0844,NA
HT004,41,WAT107,2D,WATLMC02,1995-10-14,8.6,A,9.2,A,1523,8,A,0719,NA
HT004,41,WAT107,2D,WATLMC02,1995-10-15,9.1,A,9.6,A,1519,8.5,A,0822,NA
HT004,41,WAT107,2D,WATLMC02,1995-10-16,9.5,A,9.9,A,1513,9.1,A,2358,NA
HT004,41,WAT107,2D,WATLMC02,1995-10-17,9.1,A,9.3,A,1619,8.7,A,0605,NA
HT004,41,WAT107,2D,WATLMC02,1995-10-18,8.8,A,9.3,A,1434,7.9,A,2359,NA
HT004,41,WAT107,2D,WATLMC02,1995-10-19,7.8,A,8.5,A,1512,7.2,A,0810,NA
HT004,41,WAT107,2D,WATLMC02,1995-10-20,8.3,A,8.7,A,1440,7.9,A,0506,NA
HT004,41,WAT107,2D,WATLMC02,1995-10-21,8,A,8.3,A,1254,7.6,A,2355,NA
HT004,41,WAT107,2D,WATLMC02,1995-10-22,7.4,A,7.7,A,1440,7.1,A,0755,NA
HT004,41,WAT107,2D,WATLMC02,1995-10-23,7.2,A,7.8,A,1555,6.6,A,0743,NA
HT004,41,WAT107,2D,WATLMC02,1995-10-24,7.4,A,8.1,A,1511,6.9,A,0403,NA
HT004,41,WAT107,2D,WATLMC02,1995-10-25,7.9,A,8.2,A,1409,7.6,A,0050,NA
HT004,41,WAT107,2D,WATLMC02,1995-10-26,8.5,A,8.8,A,1512,8,A,0003,NA
HT004,41,WAT107,2D,WATLMC02,1995-10-27,8.3,A,8.7,A,1437,7.9,A,2357,NA
HT004,41,WAT107,2D,WATLMC02,1995-10-28,7.9,A,8.4,A,1442,7.4,A,0655,NA
HT004,41,WAT107,2D,WATLMC02,1995-10-29,7.9,A,8.3,A,1454,7.5,A,0732,NA
HT004,41,WAT107,2D,WATLMC02,1995-10-30,7.3,A,7.9,A,0003,6.7,A,0937,NA
HT004,41,WAT107,2D,WATLMC02,1995-10-31,6.2,A,6.7,A,0000,5.7,A,2356,NA
HT004,41,WAT107,2D,WATLMC02,1995-11-01,5.2,A,5.7,A,0002,4.7,A,2359,NA
HT004,41,WAT107,2D,WATLMC02,1995-11-02,4.6,A,5.1,A,1547,4.2,A,0812,NA
HT004,41,WAT107,2D,WATLMC02,1995-11-03,4.3,A,4.8,A,1527,3.9,A,0750,NA
HT004,41,WAT107,2D,WATLMC02,1995-11-04,4.7,A,5.4,A,1551,3.9,A,0623,NA
HT004,41,WAT107,2D,WATLMC02,1995-11-05,5.7,A,6,A,1208,5.4,A,0005,NA
HT004,41,WAT107,2D,WATLMC02,1995-11-06,6,A,6.3,A,2358,5.8,A,0036,NA
HT004,41,WAT107,2D,WATLMC02,1995-11-07,6.9,A,7.2,A,2350,6.3,A,0007,NA
HT004,41,WAT107,2D,WATLMC02,1995-11-08,7.7,A,8.2,A,1924,7.2,A,0000,NA
HT004,41,WAT107,2D,WATLMC02,1995-11-09,7.2,A,7.9,A,0003,6.6,A,2359,NA
HT004,41,WAT107,2D,WATLMC02,1995-11-10,6.7,A,7.2,A,2358,6.4,A,0327,NA
HT004,41,WAT107,2D,WATLMC02,1995-11-11,7.8,A,8.3,A,1700,7.1,A,0007,NA
HT004,41,WAT107,2D,WATLMC02,1995-11-12,8.1,A,8.3,A,2332,7.9,A,0632,NA
HT004,41,WAT107,2D,WATLMC02,1995-11-13,8.6,A,8.8,A,1434,8.2,A,0002,NA
HT004,41,WAT107,2D,WATLMC02,1995-11-14,8.4,A,8.6,A,0012,8.2,A,1051,NA
HT004,41,WAT107,2D,WATLMC02,1995-11-15,8.4,A,8.6,A,1432,8.2,A,0456,NA
HT004,41,WAT107,2D,WATLMC02,1995-11-16,8.4,A,8.6,A,1429,8.2,A,2358,NA
HT004,41,WAT107,2D,WATLMC02,1995-11-17,8.3,A,8.7,A,2337,7.9,A,0826,NA
HT004,41,WAT107,2D,WATLMC02,1995-11-18,8,A,8.7,A,0010,7.2,A,2359,NA
HT004,41,WAT107,2D,WATLMC02,1995-11-19,7.3,A,7.7,A,1639,7,A,0542,NA
HT004,41,WAT107,2D,WATLMC02,1995-11-20,7.1,A,7.5,A,1623,6.7,A,0813,NA
HT004,41,WAT107,2D,WATLMC02,1995-11-21,7.8,A,8.1,A,2330,7.4,A,0013,NA
HT004,41,WAT107,2D,WATLMC02,1995-11-22,8.2,A,8.4,A,1418,8,A,2359,NA
HT004,41,WAT107,2D,WATLMC02,1995-11-23,8.1,A,8.4,A,1358,7.7,A,0407,NA
HT004,41,WAT107,2D,WATLMC02,1995-11-24,8.4,A,8.8,A,2310,8.2,A,0448,NA
HT004,41,WAT107,2D,WATLMC02,1995-11-25,8.3,A,8.8,A,0051,7.7,A,2357,NA
HT004,41,WAT107,2D,WATLMC02,1995-11-26,7.5,A,7.7,A,0000,7.3,A,2335,NA
HT004,41,WAT107,2D,WATLMC02,1995-11-27,7.2,A,7.8,A,2348,6.9,A,1400,NA
HT004,41,WAT107,2D,WATLMC02,1995-11-28,7.9,A,8,A,0648,7.7,A,0011,NA
HT004,41,WAT107,2D,WATLMC02,1995-11-29,7.9,A,8.2,A,2309,7.8,A,0805,NA
HT004,41,WAT107,2D,WATLMC02,1995-11-30,8.1,A,8.2,A,0306,8,A,2246,NA
HT004,41,WAT107,2D,WATLMC02,1995-12-01,7.5,A,8.1,A,0124,7.1,A,2337,NA
HT004,41,WAT107,2D,WATLMC02,1995-12-02,6.9,A,7.1,A,0001,6.7,A,2319,NA
HT004,41,WAT107,2D,WATLMC02,1995-12-03,6.7,A,7.2,A,2358,6.5,A,0732,NA
HT004,41,WAT107,2D,WATLMC02,1995-12-04,6.6,A,7.2,A,0113,6.3,A,2356,NA
HT004,41,WAT107,2D,WATLMC02,1995-12-05,6.2,A,6.5,A,2337,5.7,A,0940,NA
HT004,41,WAT107,2D,WATLMC02,1995-12-06,6.9,A,7.2,A,1531,6.5,A,0003,NA
HT004,41,WAT107,2D,WATLMC02,1995-12-07,6.6,A,7.1,A,0006,6.1,A,2316,NA
HT004,41,WAT107,2D,WATLMC02,1995-12-08,6.2,A,6.5,A,2355,5.8,A,0724,NA
HT004,41,WAT107,2D,WATLMC02,1995-12-09,7,A,7.4,A,1638,6.4,A,0010,NA
HT004,41,WAT107,2D,WATLMC02,1995-12-10,7.3,A,7.6,A,2351,7.1,A,0652,NA
HT004,41,WAT107,2D,WATLMC02,1995-12-11,7.4,A,7.6,A,0005,7.3,A,0948,NA
HT004,41,WAT107,2D,WATLMC02,1995-12-12,7.6,A,7.9,A,1256,7.2,A,2354,NA
HT004,41,WAT107,2D,WATLMC02,1995-12-13,6.8,A,7.2,A,0004,6.6,A,1821,NA
HT004,41,WAT107,2D,WATLMC02,1995-12-14,6.7,A,7.1,A,1320,6.3,A,2356,NA
HT004,41,WAT107,2D,WATLMC02,1995-12-15,6.4,A,6.7,A,1423,6.2,A,0758,NA
HT004,41,WAT107,2D,WATLMC02,1995-12-16,6.3,A,6.5,A,0002,6,A,2357,NA
HT004,41,WAT107,2D,WATLMC02,1995-12-17,6.2,A,6.6,A,1555,5.8,A,0711,NA
HT004,41,WAT107,2D,WATLMC02,1995-12-18,6.3,A,6.5,A,1659,6,A,0653,NA
HT004,41,WAT107,2D,WATLMC02,1995-12-19,6.4,A,6.7,A,1625,6.2,A,0904,NA
HT004,41,WAT107,2D,WATLMC02,1995-12-20,6,A,6.3,A,0001,5.5,A,2358,NA
HT004,41,WAT107,2D,WATLMC02,1995-12-21,5.2,A,5.5,A,0000,4.8,A,2355,NA
HT004,41,WAT107,2D,WATLMC02,1995-12-22,4.4,A,4.8,A,0002,4.2,A,2353,NA
HT004,41,WAT107,2D,WATLMC02,1995-12-23,3.9,A,4.2,A,0000,3.7,A,0953,NA
HT004,41,WAT107,2D,WATLMC02,1995-12-24,3.5,A,3.8,A,0013,3.2,A,0934,NA
HT004,41,WAT107,2D,WATLMC02,1995-12-25,3.4,A,3.7,A,1853,3.1,A,0845,NA
HT004,41,WAT107,2D,WATLMC02,1995-12-26,3.7,A,4.1,A,2347,3.3,A,0751,NA
HT004,41,WAT107,2D,WATLMC02,1995-12-27,4.4,A,4.7,A,1458,4,A,0013,NA
HT004,41,WAT107,2D,WATLMC02,1995-12-28,4.8,A,4.9,A,1427,4.6,A,0246,NA
HT004,41,WAT107,2D,WATLMC02,1995-12-29,5.8,A,6.5,A,2349,4.8,A,0006,NA
HT004,41,WAT107,2D,WATLMC02,1995-12-30,6.8,A,7.1,A,1906,6.4,A,0000,NA
HT004,41,WAT107,2D,WATLMC02,1995-12-31,6.8,A,6.9,A,1315,6.5,A,2353,NA
HT004,41,WAT107,2D,WATLMC02,1996-01-01,6.7,A,7,A,1603,6.4,A,0240,NA
HT004,41,WAT107,2D,WATLMC02,1996-01-02,6.7,A,7,A,2359,6.3,A,0945,NA
HT004,41,WAT107,2D,WATLMC02,1996-01-03,6.9,A,7.1,A,1416,6.3,A,2357,NA
HT004,41,WAT107,2D,WATLMC02,1996-01-04,6,A,6.3,A,0002,5.8,A,2357,NA
HT004,41,WAT107,2D,WATLMC02,1996-01-05,NA,M,NA,M,NA,NA,M,NA,NA
HT004,41,WAT107,2D,WATLMC02,1996-01-06,6.2,A,6.6,A,1728,5.9,A,0758,NA
HT004,41,WAT107,2D,WATLMC02,1996-01-07,6.5,A,6.9,A,2359,6.2,A,0227,NA
HT004,41,WAT107,2D,WATLMC02,1996-01-08,6.9,A,7.1,A,1708,6.8,A,2346,NA
HT004,41,WAT107,2D,WATLMC02,1996-01-09,6.9,A,7.1,A,1437,6.6,A,2358,NA
HT004,41,WAT107,2D,WATLMC02,1996-01-10,6.5,A,6.7,A,1542,6.3,A,0935,NA
HT004,41,WAT107,2D,WATLMC02,1996-01-11,6.2,A,6.6,A,1801,5.8,A,0835,NA
HT004,41,WAT107,2D,WATLMC02,1996-01-12,6.3,A,6.7,A,1750,6.1,A,0956,NA
HT004,41,WAT107,2D,WATLMC02,1996-01-13,5.9,A,6.2,A,1704,5.5,A,0933,NA
HT004,41,WAT107,2D,WATLMC02,1996-01-14,6.2,A,6.7,A,2354,5.7,A,0055,NA
HT004,41,WAT107,2D,WATLMC02,1996-01-15,6.8,A,6.9,A,2315,6.6,A,0014,NA
HT004,41,WAT107,2D,WATLMC02,1996-01-16,6.5,A,6.9,A,0038,5.7,A,2359,NA
HT004,41,WAT107,2D,WATLMC02,1996-01-17,5.5,A,5.8,A,0050,5.2,A,2357,NA
HT004,41,WAT107,2D,WATLMC02,1996-01-18,4.9,A,5.2,A,0003,4.2,A,1454,NA
HT004,41,WAT107,2D,WATLMC02,1996-01-19,5.4,A,5.7,A,1254,4.9,A,0000,NA
HT004,41,WAT107,2D,WATLMC02,1996-01-20,4.8,A,5.5,A,0157,4,A,1654,NA
HT004,41,WAT107,2D,WATLMC02,1996-01-21,4.7,A,5,A,0306,4.2,A,0639,NA
HT004,41,WAT107,2D,WATLMC02,1996-01-22,4.7,A,5,A,1403,4.1,A,2359,NA
HT004,41,WAT107,2D,WATLMC02,1996-01-23,3.5,A,4.1,A,0820,2.6,A,2118,NA
HT004,41,WAT107,2D,WATLMC02,1996-01-24,3.2,A,3.5,A,2234,2.8,A,0048,NA
HT004,41,WAT107,2D,WATLMC02,1996-01-25,3.5,A,3.8,A,2010,3.2,A,0624,NA
HT004,41,WAT107,2D,WATLMC02,1996-01-26,3.4,A,3.7,A,1327,3,A,0317,NA
HT004,41,WAT107,2D,WATLMC02,1996-01-27,3,A,3.4,A,0005,2.3,A,0317,NA
HT004,41,WAT107,2D,WATLMC02,1996-01-28,2.8,A,3.1,A,2206,2.3,A,1040,NA
HT004,41,WAT107,2D,WATLMC02,1996-01-29,3.1,A,3.4,A,1856,2.6,A,0158,NA
HT004,41,WAT107,2D,WATLMC02,1996-01-30,2.6,A,3.2,A,0000,2.3,A,0931,NA
HT004,41,WAT107,2D,WATLMC02,1996-01-31,2.2,A,2.5,A,1635,1.8,A,0915,NA
HT004,41,WAT107,2D,WATLMC02,1996-02-01,1.7,A,2.1,A,1522,1.3,A,0903,NA
HT004,41,WAT107,2D,WATLMC02,1996-02-02,1.4,A,1.8,A,1944,0.9,A,0952,NA
HT004,41,WAT107,2D,WATLMC02,1996-02-03,2.1,A,2.8,A,2358,1.4,A,0708,NA
HT004,41,WAT107,2D,WATLMC02,1996-02-04,3.1,A,3.4,A,2356,2.7,A,0004,NA
HT004,41,WAT107,2D,WATLMC02,1996-02-05,3.8,A,4.1,A,1558,3.4,A,0002,NA
HT004,41,WAT107,2D,WATLMC02,1996-02-06,3.4,A,3.9,A,2358,1.9,A,2145,NA
HT004,41,WAT107,2D,WATLMC02,1996-02-07,4.1,A,7.1,A,0303,2.9,A,0308,NA
HT004,41,WAT107,2D,WATLMC02,1996-02-08,5.2,A,5.4,A,1454,5,A,0018,NA
HT004,41,WAT107,2D,WATLMC02,1996-02-09,5.2,A,5.4,A,1536,4.9,A,2305,NA
HT004,41,WAT107,2D,WATLMC02,1996-02-10,5.1,A,5.4,A,1615,4.9,A,0216,NA
HT004,41,WAT107,2D,WATLMC02,1996-02-11,5,A,5.3,A,1712,4.8,A,0849,NA
HT004,41,WAT107,2D,WATLMC02,1996-02-12,5,A,5.2,A,1731,4.8,A,1014,NA
HT004,41,WAT107,2D,WATLMC02,1996-02-13,5,A,5.3,A,1652,4.8,A,1012,NA
HT004,41,WAT107,2D,WATLMC02,1996-02-14,5,A,5.3,A,1732,4.8,A,1009,NA
